Ingredient,Count
salt,852
onion,686
garlic clove,596
water,574
egg,560
sugar,533
butter,514
olive oil,397
milk,368
pepper,343
carrot,330
flour,318
vegetable oil,291
salt and pepper,274
black pepper,269
garlic powder,268
lemon juice,244
garlic,243
kosher salt,242
green onion,223
oil,223
brown sugar,221
unsalted butter,205
soy sauce,200
tomato,195
fresh ground black pepper,193
potato,189
green pepper,189
sour cream,188
lemon,186
parmesan cheese,182
red onion,182
cornstarch,180
celery,179
paprika,176
honey,174
vanilla extract,168
cayenne pepper,165
Worcestershire sauce,163
scallion,163
yellow onion,162
parsley,161
bay leaf,160
heavy cream,156
baking powder,155
fresh parsley,154
red bell pepper,154
salt %26 freshly ground black pepper,153
cinnamon,152
ground black pepper,147
granulated sugar,147
canola oil,145
vanilla,145
green bell pepper,141
egg white,138
margarine,138
chicken broth,134
mayonnaise,133
baking soda,131
extra virgin olive oil,131
sea salt,129
white sugar,128
red pepper,127
onion powder,127
fresh lemon juice,126
dried oregano,124
bacon,124
chili powder,124
cream cheese,117
nutmeg,117
chicken stock,114
egg yolk,114
shallot,113
mushroom,111
garlic salt,111
celery rib,110
ground cinnamon,108
cheddar cheese,108
white pepper,107
basil,106
ground cumin,105
cheese,105
ginger,101
vinegar,101
bell pepper,100
oregano,99
tomato paste,98
ground beef,98
banana,97
dried thyme,96
cold water,95
hot sauce,95
fresh ginger,92
fresh ground pepper,92
tomato sauce,91
whole milk,89
diced tomato,89
dried basil,88
boiling water,87
thyme,87
red pepper flake,86
white onion,86
zucchini,86
powdered sugar,84
crushed red pepper flake,83
cilantro,80
orange juice,79
chicken breast,78
avocado,77
cream,77
salt %26 pepper,77
walnut,76
dry mustard,76
lime,76
red wine vinegar,76
cucumber,76
peanut oil,75
seasoning salt,75
cumin,75
jalapeno,74
white wine,74
ground ginger,73
sesame oil,73
chive,71
Dijon mustard,71
shredded cheddar cheese,70
ground nutmeg,70
ketchup,70
Tabasco sauce,69
mozzarella cheese,69
leek,69
pure vanilla extract,68
italian seasoning,68
white vinegar,68
dry white wine,68
buttermilk,67
skim milk,66
whole wheat flour,66
lime juice,65
fresh cilantro,65
confectioners%27 sugar,65
light brown sugar,65
jalapeno pepper,64
fresh thyme,64
balsamic vinegar,63
sweet onion,63
corn,63
hot water,63
plain flour,62
boneless skinless chicken breast,62
fresh basil,61
dried parsley,61
shortening,60
chicken,60
pecan,59
sliced mushroom,58
cooking spray,58
sweet potato,58
whipping cream,58
diced onion,57
cabbage,56
breadcrumb,56
coarse salt,56
strawberry,55
orange,55
frozen pea,54
ground pepper,54
cider vinegar,53
heavy whipping cream,53
apple,53
rice,53
fresh mushroom,53
raisin,53
clove,52
sharp cheddar cheese,52
low sodium chicken broth,52
russet potato,52
warm water,52
flat leaf parsley,51
beef broth,51
evaporated milk,51
cooking oil,51
crushed tomato,50
lemon zest,50
cayenne,50
curry powder,50
plain yogurt,49
bread,49
shrimp,49
green bean,49
ice,49
vegetable stock,48
whole tomato,48
minced garlic clove,48
cocoa powder,47
lean ground beef,47
spinach,47
broccoli,46
fresh chive,46
cherry tomato,46
salt and black pepper,45
nonfat milk,44
ham,44
lettuce,44
chicken bouillon cube,44
red potato,44
turmeric,43
ground clove,43
fresh dill,43
hot pepper sauce,43
baking potato,43
chopped tomato,43
whipped cream,43
yellow bell pepper,43
cooked rice,42
almond,41
apple cider vinegar,41
sherry wine,41
caster sugar,41
pineapple juice,41
fresh parsley leaf,41
ice cube,40
ground coriander,40
allspice,40
kidney bean,40
beef,40
Splenda sugar substitute,40
stewed tomato,40
mustard,40
sweet red pepper,40
seasoning,39
cracked black pepper,39
nonstick cooking spray,39
cake flour,39
nut,39
beef bouillon cube,38
maple syrup,38
rosemary,38
dry sherry,38
tomato juice,38
black olive,38
salsa,38
dark brown sugar,38
caper,38
almond extract,38
plum tomato,38
fresh rosemary,38
sweetened condensed milk,37
smoked paprika,37
celery salt,37
pasta,37
rice vinegar,37
red wine,37
frozen corn,37
rom tomato,37
sesame seed,36
sausage,36
chocolate chip,36
spring onion,36
monterey jack cheese,36
fresh basil leaf,36
green chilies,35
baby carrot,35
cornmeal,34
barbecue sauce,34
black bean,34
vegetable broth,34
yellow pepper,34
salt %26 fresh ground pepper,34
yukon gold potato,33
pea,33
celery seed,33
parsnip,33
tomato puree,33
beef stock,33
beer,33
Spanish onion,32
chili sauce,32
brown rice,32
boneless skinless chicken breast half,32
cream of tartar,32
hamburger,32
of fresh mint,32
light corn syrup,32
cream of mushroom soup,31
white wine vinegar,31
parsley flake,31
juice,31
cinnamon stick,31
dried rosemary,31
dill,31
ground allspice,31
swiss cheese,31
ground red pepper,31
lemon pepper,30
fresh coarse ground black pepper,30
vegetable,30
Baby Spinach,30
broccoli floret,30
fennel seed,30
prepared mustard,30
vegetable shortening,30
slivered almond,30
turnip,29
fresh oregano,29
hoisin sauce,29
unsweetened cocoa powder,29
fresh garlic,29
French bread,29
icing sugar,29
whole clove,29
coconut milk,29
vanilla ice cream,28
semisweet chocolate,28
Italian dressing,28
romano cheese,28
vanilla bean,28
Greek yogurt,28
light cream,28
corn syrup,28
ground pork,28
panko breadcrumb,28
cauliflower,28
feta cheese,28
coriander,28
grape tomato,27
vidalia onion,27
soymilk,27
chicken thigh,27
brandy,27
salad oil,27
cornflour,27
oyster sauce,27
peppercorn,27
cocoa,27
pork,27
ground cayenne pepper,27
apple juice,27
blueberry,27
frozen mixed vegetable,27
vanilla essence,26
button mushroom,26
black peppercorn,26
applesauce,26
Italian plum tomato,26
cream of chicken soup,26
fresh strawberry,26
low sodium soy sauce,26
coconut,26
orange zest,26
small onion,26
olive,26
light soy sauce,26
chocolate syrup,25
peach,25
fresh lime juice,25
yellow squash,25
pinto bean,25
corn oil,25
peanut butter,25
bean sprout,25
new potato,25
cooked chicken,25
mustard powder,25
creme fraiche,24
bread flour,24
whole green onion,24
table salt,24
fine salt,24
whole chicken,24
active dry yeast,24
molasses,24
catsup,24
basil leaf,24
noodle,24
marjoram,24
dry breadcrumb,24
ricotta cheese,24
cremini mushroom,24
kale,24
rice wine vinegar,24
fresh tomato,24
canned tomato,24
green chili pepper,24
white bread,24
broth,23
sake,23
graham cracker,23
boneless chicken breast,23
whole kernel corn,23
ground turkey,23
dark chocolate,23
sage,23
romaine lettuce,23
pineapple chunk,23
sweet paprika,23
rice flour,22
lemon rind,22
crouton,22
dill weed,22
artificial sweetener,22
unsweetened applesauce,22
flour tortilla,22
pineapple,22
onion salt,22
Philadelphia Cream Cheese,22
cracker,22
gingerroot,22
agave nectar,22
coconut oil,22
fresh garlic clove,22
fruit,22
horseradish,22
beef bouillon,22
season salt,22
chocolate,22
Miracle Whip,21
marinara sauce,21
mustard seed,21
cajun seasoning,21
raspberry,21
fine sea salt,21
chicken bouillon,21
pie crust,21
red capsicum,21
oatmeal,21
green olive,21
white flour,21
water chestnut,21
egg substitute,21
egg noodle,21
salted butter,21
graham cracker crumb,21
Cool Whip,21
Italian sausage,21
garbanzo bean,21
bittersweet chocolate,21
tofu,20
nonfat sour cream,20
fresh thyme leaf,20
serrano pepper,20
radish,20
cilantro leaf,20
mango,20
vegetable juice,20
tomato soup,20
ice water,20
xanthan gum,20
white rice,20
lemon peel,20
yellow mustard,20
ground chuck,20
fresh ground white pepper,20
yogurt,20
poultry seasoning,20
dried oregano leaf,20
coarse sea salt,20
snow pea,20
Splenda granular,20
red chili pepper,20
rum,20
shiitake mushroom,20
cottage cheese,20
chickpea,19
almond flour,19
light mayonnaise,19
rolled oat,19
onion soup mix,19
eggplant,19
spaghetti sauce,19
fresh spinach,19
fat,19
dry red wine,19
bacon bit,19
habanero pepper,19
chilies,19
shredded coconut,19
Velveeta cheese,19
superfine sugar,19
dark rum,19
chipotle chile in adobo,19
sunflower seed,19
ground turmeric,18
white mushroom,18
pumpkin pie spice,18
dried marjoram,18
yeast,18
sliced almond,18
fresh Italian parsley,18
chili pepper,18
fish sauce,18
onion flake,18
butternut squash,18
pork sausage,18
frozen green pea,18
dried onion flake,18
frozen strawberry,18
chicken stock cube,18
chicken breast half,18
mint,18
ranch dressing,18
tomato and green chilies,18
chili flake,18
meat,18
fresh cilantro leaf,18
lemon wedge,18
crushed pineapple,18
toasted sesame oil,17
Cool Whip Topping,17
asparagus,17
flax seed,17
cooked white rice,17
whole wheat pastry flour,17
unbleached flour,17
cannellini bean,17
cream of celery soup,17
pizza sauce,17
marshmallow,17
cumin powder,17
salmon fillet,17
cumin seed,17
roasting chicken,17
ground round,17
Italian parsley,17
watercress,17
white potato,17
condensed milk,17
ground mustard,17
lime wedge,17
lard,17
spaghetti,16
firm tofu,16
dried dill,16
dried dill weed,16
caraway seed,16
berry,16
chicken wing,16
taco seasoning,16
prepared horseradish,16
cooked ham,16
orange rind,16
pine nut,16
sifted flour,16
corn tortilla,16
dried cranberry,16
cauliflower floret,16
condensed cream of chicken soup,16
stock,16
corn kernel,16
boiling potato,16
sherry wine vinegar,16
portabella mushroom,16
minced ginger,16
English cucumber,16
frozen chopped spinach,16
lemon%2C juice of,16
Italian seasoned breadcrumb,16
thyme leaf,16
frozen corn kernel,16
lettuce leaf,16
milk chocolate chip,16
napa cabbage,16
self raising flour,16
rice wine,16
kalamata olive,16
diced green chilies,15
maraschino cherry,15
green cabbage,15
Old Bay Seasoning,15
baguette,15
powdered milk,15
chicken leg,15
mirin,15
condensed tomato soup,15
dried bay leaf,15
kiwi fruit,15
dried parsley flake,15
pumpkin,15
granulated garlic,15
whole canned tomato,15
fresh tarragon,15
boneless skinless chicken thigh,15
raw sugar,15
Chinese five spice powder,15
oregano leaf,15
red kidney bean,15
dried sage,15
ground flax seed,15
vodka,15
ground cardamom,15
celery %26 leaf,15
bamboo shoot,15
fresh pineapple,15
seasoned bread crumb,15
tomato with juice,14
American cheese,14
fresh thyme sprig,14
orange bell pepper,14
fresh green bean,14
safflower oil,14
chorizo sausage,14
Granny Smith apple,14
arrowroot,14
saltine cracker,14
Kraft Grated Parmesan Cheese,14
fresh jalapeno,14
fresh coriander,14
blue cheese,14
mint leaf,14
jalapeno chile,14
angel hair pasta,14
parsley sprig,14
chicken bouillon granule,14
fresh gingerroot,14
quick oat,14
tortilla chip,14
vegetable bouillon cube,14
uncooked rice,14
idaho potato,14
whole bay leaf,14
food coloring,14
roasted red pepper,14
pear,14
dried thyme leaf,14
wheat germ,14
sugar substitute,13
whole chicken breast,13
low sodium beef broth,13
cashew,13
dried Italian seasoning,13
provolone cheese,13
fresh mint leaf,13
mixed vegetable,13
tortilla,13
unsweetened chocolate,13
date,13
ice cream,13
pepperoni,13
hash brown,13
condensed cream of mushroom soup,13
teriyaki sauce,13
oat,13
light rum,13
Lipton Onion Soup Mix,13
elbow macaroni,13
mashed potato,13
tarragon,13
sunflower oil,13
wine vinegar,13
liquid smoke,13
saffron,13
white bean,13
dill pickle,13
bok choy,13
medium shrimp,13
spinach leaf,13
anchovy fillet,13
corn flake,13
cereal,13
picante sauce,13
distilled white vinegar,13
pimiento,13
linguine,13
golden raisin,12
fresh fruit,12
whole wheat bread,12
soya sauce,12
peanut,12
brewed coffee,12
poppy seed,12
French dressing,12
fresh broccoli,12
instant vanilla pudding,12
cracked pepper,12
poblano chile,12
sourdough bread,12
light sour cream,12
mandarin orange,12
red bean,12
basmati rice,12
red food coloring,12
pizza crust,12
cherry,12
parchment paper,12
mini marshmallow,12
pasta sauce,12
cod fish fillet,12
large shrimp,12
nonfat dry milk powder,12
coffee,12
clam,12
nori,12
dark soy sauce,12
beef stew meat,12
grapeseed oil,12
fish,12
pita bread,12
cooked brown rice,12
herb,12
reduced sodium soy sauce,12
lemon extract,12
pineapple tidbit,12
long grain rice,12
cooked bacon,12
whole black peppercorn,12
fennel bulb,12
chipotle pepper,12
bean,12
miniature marshmallow,12
chili,12
frozen whole kernel corn,11
hot pepper,11
green pea,11
shoyu,11
jasmine rice,11
couscous,11
pure maple syrup,11
Chinese cabbage,11
pesto sauce,11
dark sesame oil,11
crusty bread,11
whipped topping,11
canned kidney bean,11
sauerkraut,11
tuna,11
gravy,11
dark red kidney bean,11
green apple,11
lemon%2C zest of,11
vegetable oil cooking spray,11
ground veal,11
fat free cream cheese,11
small shrimp,11
ground sausage,11
frozen whipped topping,11
light cream cheese,11
milk chocolate,11
mussel,11
sweet pepper,11
instant chicken bouillon granule,11
ground sirloin,11
great northern bean,11
prepared pizza crust,11
lime%2C juice of,11
pork shoulder,11
lemon slice,11
dark beer,11
bouillon cube,11
pickled jalapeno pepper,11
coriander seed,11
olive oil flavored cooking spray,11
fresh orange juice,11
Crisco,11
monterey jack pepper cheese,11
steak,11
dried breadcrumb,11
flax seed meal,11
orange peel,11
vanilla yogurt,11
macaroni,11
Rotel Tomatoes,11
fresh raspberry,11
rutabaga,11
biscuit,11
gruyere cheese,11
beef base,11
lean beef,11
vanilla sugar,11
feta,11
head cauliflower,11
low sodium vegetable broth,10
lime zest,10
kiwi,10
ginger ale,10
aluminum foil,10
chicken drumstick,10
sriracha sauce,10
syrup,10
V8 vegetable juice,10
chili bean,10
almond milk,10
poblano pepper,10
chicken tender,10
pork tenderloin,10
summer squash,10
fresh herb,10
spice,10
candy sprinkle,10
oleo,10
cola,10
string bean,10
mixed berry,10
salad dressing,10
hot chili pepper,10
pie shell,10
sirloin steak,10
white cheddar cheese,10
salmon,10
pancetta,10
Kitchen Bouquet,10
French baguette,10
dill sprig,10
ripe olive,10
ground chicken,10
beefsteak tomato,10
English muffin,10
vinaigrette,10
dried mint,10
goat cheese,10
Equal sugar substitute,10
gelatin,10
ale,10
Kahlua,10
white pearl onion,10
dried Chinese mushroom,10
lean pork,10
pickle relish,10
sea scallop,10
plain breadcrumb,10
rice noodle,10
red chili pepper flake,10
star anise,10
ground lean pork,10
iceberg lettuce,10
ground meat,10
skinless chicken thigh,10
double cream,10
pizza dough,10
KRAFT Zesty Italian Dressing,10
lasagna noodle,10
diced tomato with juice,10
pineapple slice,10
Lawry%27s Seasoned Salt,10
baby corn,10
canned pinto bean,10
fresh mozzarella cheese,10
yellow cake mix,10
steak sauce,10
unbaked pie shell,10
white chocolate,10
caviar,10
wine,10
dried chipotle powder,10
bacon dripping,10
light olive oil,10
wide egg noodle,9
club soda,9
penne pasta,9
frozen broccoli,9
frosting,9
Italian salad dressing,9
coriander powder,9
cooked chicken breast,9
canned chicken broth,9
fresh parmesan cheese,9
chip,9
white fish fillet,9
saffron thread,9
fresh rosemary leaf,9
chili paste,9
herbes de provence,9
frozen spinach,9
Mexican oregano,9
clam juice,9
pastry dough,9
halibut fillet,9
biscuit mix,9
shaoxing wine,9
apricot jam,9
fresh sage,9
navy bean,9
sweet pickle relish,9
granulated onion,9
anaheim chilies,9
mascarpone cheese,9
artichoke heart,9
turkey,9
smoked salmon,9
arborio rice,9
Bisquick,9
Hellmann%27s mayonnaise,9
roll,9
flaked coconut,9
sage leaf,9
dried apricot,9
cranberry,9
evaporated skim milk,9
macadamia nut,9
cream cheese spread,9
pistachio,9
fresh cracked pepper,9
bottled hot pepper sauce,9
prosciutto,9
fresh blueberry,9
potato starch,9
extra lean ground beef,9
yellow cornmeal,9
chuck roast,9
serrano chilies,9
green sweet pepper,9
liquid,9
whiskey,9
chicken part,9
pickling salt,9
frozen green bean,9
boneless chicken breast half,9
creamed corn,9
nonfat plain yogurt,9
fresh pea,9
pastry flour,9
sweet corn,9
apricot preserve,9
ground almond,9
savoy cabbage,9
Ritz cracker,9
fresh breadcrumb,9
tarragon vinegar,9
creamy peanut butter,9
champagne vinegar,9
soft margarine,9
golden syrup,9
white cake mix,9
fish fillet,9
scallop,9
skinless chicken breast,9
cracker crumb,9
jar,9
savory,8
pork loin,8
miso,8
squash,8
canned black bean,8
beef roast,8
red seedless grape,8
cantaloupe,8
hot paprika,8
tahini,8
baking mix,8
Mexican blend cheese,8
adobo seasoning,8
Italian bread,8
dry onion soup mix,8
long grain white rice,8
dried onion,8
dry yeast,8
fresh cream,8
bacon grease,8
red apple,8
rosemary sprig,8
mushroom gravy,8
stevia,8
ear of corn,8
chicken piece,8
dried tarragon,8
dark chocolate chip,8
frozen puff pastry,8
soft breadcrumb,8
unsweetened cocoa,8
light molasses,8
fine dry breadcrumb,8
asiago cheese,8
cognac,8
light soya sauce,8
flank steak,8
country bread,8
self rising flour,8
brown onion,8
roasted garlic,8
beef bouillon granule,8
fresh bay leaf,8
hot Italian sausage,8
garam masala,8
chili oil,8
baking cocoa,8
malt vinegar,8
hot chili sauce,8
msg,8
strong coffee,8
pumpkin puree,8
prawn,8
fat free sour cream,8
ground thyme,8
diced tomato with green chilies,8
tamari soy sauce,8
jumbo shrimp,8
Anjou pear,8
refried bean,8
celery leaf,8
cashew nut,8
vinaigrette dressing,8
toasted sesame seed,8
corn chip,8
stewing beef,8
hominy,8
sliced ripe olive,8
cranberry juice,8
frozen vegetable,8
soy flour,8
Brussels sprout,8
vanilla pudding mix,8
mixed herb,8
pitted date,8
instant yeast,8
baking chocolate,8
pepperoncini pepper,8
asparagus spear,8
kielbasa,8
hash brown potato,8
textured vegetable protein,8
tilapia fillet,8
lemons%2C juice of,8
frozen orange juice concentrate,8
pecan half,8
dried cherry,8
turkey sausage,8
swiss chard,8
rice milk,8
vanilla wafer,8
sliced water chestnut,8
silken tofu,8
Bisquick baking mix,8
thick %26 chunky salsa,8
fresh corn kernel,8
red cabbage,7
daikon radish,7
hamburger bun,7
frozen pea and carrot,7
idaho baking potato,7
chili seasoning mix,7
whole wheat pizza crust,7
sweet gherkin,7
protein powder,7
pitted black olive,7
chipotle chile,7
beef gravy,7
turkey bacon,7
papaya,7
tomatillo,7
dried chive,7
bouquet garni,7
dried herb,7
bicarbonate of soda,7
neufchatel cheese,7
brown rice flour,7
unflavored gelatin,7
serrano chili,7
graham cracker crust,7
cheese slice,7
Grey Poupon Dijon Mustard,7
stew meat,7
sirloin,7
red hot pepper sauce,7
grape,7
green seedless grape,7
frozen baby pea,7
beef stock cube,7
dried Mexican oregano,7
creole seasoning,7
tequila,7
soda water,7
dried basil leaf,7
dried shiitake mushroom,7
sugar snap pea,7
romaine lettuce heart,7
mild cheddar cheese,7
celery root,7
seedless cucumber,7
green,7
vanilla instant pudding mix,7
instant minced onion,7
dried mustard,7
cream of potato soup,7
skinless chicken,7
meatball,7
fish stock,7
frozen fruit,7
blackberry,7
clarified butter,7
coleslaw mix,7
mixed spice,7
soba noodle,7
hot pepper flake,7
mint sprig,7
fryer chicken,7
coconut water,7
coconut rum,7
sultana,7
chuck steak,7
minute tapioca,7
taco seasoning mix,7
puff pastry,7
chocolate shaving,7
Grand Marnier,7
breakfast sausage,7
fresh black pepper,7
smoked ham,7
wooden skewer,7
chicken meat,7
pecorino romano cheese,7
minced beef,7
fresh carrot,7
colored crystal sugar,7
green capsicum,7
golden delicious apple,7
candy cane,7
cooky,7
snow pea pod,7
head of cabbage,7
orzo pasta,7
ground oregano,7
Italian spice,7
pumpkin seed,7
instant rice,7
stick,7
Cool Whip Free,7
nonfat yogurt,7
madeira wine,7
instant coffee,7
old fashioned oat,7
salt pork,7
hamburger meat,7
Pam cooking spray,7
yam,7
sweet green pepper,7
edamame,7
cut green bean,7
soft tofu,7
Minute Rice,7
bulk sausage,7
instant chicken bouillon,7
round steak,7
okra,7
mixed fruit,7
assorted fresh vegetable,7
ranch dressing mix,7
canned pumpkin,7
cabernet sauvignon wine,6
Jello gelatin,6
chicken skin,6
mild chili powder,6
sweetened flaked coconut,6
bulgur,6
bay scallop,6
frozen hash brown potato,6
dried ancho chile powder,6
green chili,6
French style green bean,6
orange marmalade,6
spicy brown mustard,6
new mexico chile powder,6
frozen hash brown,6
navel orange,6
sweet basil,6
crescent roll,6
raw shrimp,6
chocolate milk,6
stout beer,6
beef tenderloin,6
frozen broccoli floret,6
green grape,6
pickling cucumber,6
Italian salad dressing mix,6
dried ancho chile,6
garlic paste,6
salami,6
spaghetti noodle,6
pea and carrot,6
white balsamic vinegar,6
soup,6
ranch style bean,6
mini chocolate chip,6
Amaretto,6
bittersweet chocolate chip,6
ginger juice,6
cooking sherry,6
purple onion,6
toasted almond,6
beef chuck,6
canned whole tomato,6
glaze,6
Oreo cooky,6
skewer,6
sweet pea,6
cherry pie filling,6
almond meal,6
red chilies,6
butter bean,6
fresh corn,6
tea bag,6
cinnamon sugar,6
chicken bouillon powder,6
turkey breast,6
lobster,6
veal,6
light butter,6
fettuccine,6
apple cider,6
unsifted flour,6
head of garlic,6
curry,6
frozen blueberry,6
salad green,6
cardamom powder,6
pea pod,6
lamb,6
beef eye round,6
Rice Krispies,6
pancake mix,6
ghee,6
plain nonfat yogurt,6
mixed salad green,6
littleneck clam,6
dry vermouth,6
lean bacon,6
gruyere,6
kosher salt %26 freshly ground black pepper,6
beef shank,6
lean hamburger,6
anaheim chili,6
brown gravy mix,6
lentil,6
condensed cream of celery soup,6
rotel,6
anchovy paste,6
lean stewing beef,6
fresh chervil,6
crabmeat,6
herbed crouton,6
dry basil,6
stale bread,6
cooking apple,6
unsweetened coconut milk,6
barley,6
wheat flour,6
dried red chilies,6
canned diced green chile,6
cheesecloth,6
pork butt,6
green pepper strip,6
currant,6
crushed pineapple in juice,6
cake,6
simple syrup,6
deep dish pie shell,6
fresh blackberry,6
baby bok choy,6
baking sheet,6
grapefruit,6
pecan piece,6
mashed banana,6
thick slab bacon,6
unsweetened chocolate square,6
liqueur,6
Carnation Evaporated Milk,6
beef mince,6
dashi stock,6
fruit juice,6
diced pimento,6
beet,6
potato chip,6
tomato with onion and garlic,6
coconut extract,6
coconut cream,6
Miracle Whip light,6
cod,6
sweet relish,6
cooked shrimp,6
seasoned crouton,6
dill pickle relish,6
chunky salsa,6
yoghurt,6
shortcrust pastry,6
turkey pepperoni,6
raw rice,6
Lea %26 Perrins Worcestershire Sauce,6
rock salt,6
raw potato,6
unsweetened baking chocolate,6
white chocolate chip,6
quinoa,6
icing,6
coriander leaf,6
coarse black pepper,6
low fat cottage cheese,6
stir fry vegetable,6
seltzer water,6
celery heart,6
fast rising yeast,6
sweet chili sauce,6
bacon fat,6
mashed sweet potato,6
jicama,6
squid,6
baby spinach leaf,6
cardamom,6
dried rosemary leaf,6
pork sparerib,5
vegetable soup mix,5
cooked spaghetti,5
chinese rice wine,5
tomato ketchup,5
corn flake crumb,5
hot red pepper sauce,5
boneless beef chuck roast,5
cookie cutter,5
walnut oil,5
browning sauce,5
rubbed sage,5
KNUDSEN Sour Cream,5
mixed mushroom,5
mung bean sprout,5
ground sage,5
fresh jalapeno pepper,5
salt substitute,5
frozen baby lima bean,5
English pea,5
frozen lemonade concentrate,5
vegan mayonnaise,5
broccoli spear,5
kirsch,5
lump crabmeat,5
flavoring,5
jam,5
mixed Italian herb,5
lean ground turkey,5
Egg Beaters egg substitute,5
granola cereal,5
hot red pepper flake,5
frying chicken,5
gin,5
raw chicken,5
seed,5
bulb of garlic,5
chicken soup base,5
vanilla oil,5
Sprite,5
matzo meal,5
white peppercorn,5
large raw shrimp,5
thin egg noodle,5
celery powder,5
boneless pork butt,5
Coke,5
bun,5
cooked pork,5
tapioca flour,5
white whole wheat flour,5
boneless pork,5
Hungarian paprika,5
cheddar cheese soup,5
cooked turkey,5
marinade,5
parsley root,5
chickpea flour,5
pimento,5
natural yoghurt,5
taco sauce,5
chia seed,5
green peppercorn,5
condensed beef broth,5
mixed nut,5
arugula,5
sazon goya,5
white distilled vinegar,5
caesar salad dressing,5
pickle,5
fine breadcrumb,5
small red potato,5
vegetable soup,5
wonton wrapper,5
cardamom pod,5
marinated artichoke heart,5
hardboiled egg,5
Cavenders All Purpose Greek Seasoning,5
Spam,5
croissant,5
powdered ginger,5
angel food cake,5
ditalini,5
cheese spread,5
alfredo sauce,5
seasoned rice vinegar,5
boneless skinless chicken,5
dried fruit,5
dry active yeast,5
oat bran,5
fusilli,5
prepared mayonnaise,5
cornichons,5
chocolate bar,5
haddock,5
dripping,5
rice cake,5
caramel,5
seafood seasoning,5
yellow food coloring,5
gorgonzola,5
Hidden Valley Original Ranch Dressing,5
fresh bean sprout,5
mexican cheese,5
salted peanut,5
bottom round steak,5
hot dog,5
pomegranate seed,5
vanilla flavoring,5
pizza cheese,5
cooked ground beef,5
baby portabella mushroom,5
93%25 lean ground beef,5
mincemeat,5
semisweet chocolate morsel,5
toast,5
coconut flake,5
Canadian bacon,5
fresh pineapple chunk,5
rotini pasta,5
espresso,5
unbleached cane sugar,5
pudding,5
apple jelly,5
French fried onion ring,5
fresh tarragon leaf,5
ground mace,5
brown rice vinegar,5
bottled clam juice,5
smoked bacon,5
fresh onion,5
merlot,5
white button mushroom,5
kaiser roll,5
extra large egg,5
9 inch pie shell,5
anchovy,5
graham cracker pie crust,5
dark corn syrup,5
sweetened whipped cream,5
KNUDSEN Light Sour Cream,5
canned artichoke heart,5
bacon piece,5
sweet bell pepper,5
shredded hash brown potato,5
potato flake,5
chicken flavored bullion cube,5
red pepper sauce,5
cracked wheat,5
tomato bouillon,5
fingerling potato,5
nutritional yeast flake,5
rhubarb,5
green onion top,5
apricot,5
instant minced garlic,5
spelt flour,5
chicken base,5
processed cheese,5
vermicelli,5
maui onion,5
colby cheese,5
fresh cilantro stem,5
instant pudding mix,5
fresh lemon,5
chopped pimiento,5
sambal oelek,5
ramen noodle,5
white shoepeg corn,5
whole corn,5
coconut flour,5
pickle juice,5
fruit cocktail,5
medium cheddar,5
lemonade,5
McCormick%27s Montreal Brand steak seasoning,5
red grape,5
dill seed,5
orange liqueur,5
sofrito sauce,5
irish cream,5
katakuriko,5
Catalina dressing,5
nectarine,5
light beer,5
oyster,5
tamari,4
instant chocolate pudding mix,4
cheese tortellini,4
seedless grape,4
strip steak,4
Italian stewed tomato,4
brown mustard,4
liquid egg substitute,4
Frank%27s red hot sauce,4
sausage patty,4
basil pesto,4
black vinegar,4
Thai basil,4
passion fruit,4
gravy mix,4
frozen peach,4
steak seasoning,4
kale leaf,4
instant coffee granule,4
pretzel stick,4
juniper berry,4
M %26 M%27s,4
scallion top,4
chocolate candy bar,4
pimento stuffed olive,4
beef bone,4
frozen southern style hash brown potato,4
Italian cheese blend,4
sweet white onion,4
pork rib,4
Burgundy wine,4
whole mushroom,4
milk chocolate candy bar,4
sushi rice,4
sweet creamy butter,4
lemongrass,4
tea,4
pastry shell,4
miniature semisweet chocolate chip,4
lager beer,4
grainy mustard,4
pie pastry,4
Bourbon,4
hard roll,4
dark molasses,4
wax paper,4
truffle oil,4
dragee,4
heirloom tomato,4
corn niblets,4
frozen shredded hash brown,4
bean flour,4
grana padano,4
popcorn,4
bulk Italian sausage,4
green leaf lettuce,4
instant coffee powder,4
frozen chopped broccoli,4
watermelon,4
fresh parsley sprig,4
frozen pie crust,4
fresh coriander leaf,4
cooked pasta,4
rum extract,4
tiger shrimp,4
tap water,4
dried whole thyme,4
bulgur wheat,4
shoe peg corn,4
kernel corn,4
egg wash,4
French onion dip,4
Hass avocadoes,4
head broccoli,4
sweet rice flour,4
baby shrimp,4
sugar pumpkin,4
light margarine,4
dry milk,4
paper,4
hot chocolate powder,4
mild Italian sausage,4
blackstrap molasses,4
black sesame seed,4
russet baking potato,4
raspberry vinaigrette dressing,4
hot coffee,4
toasted sliced almond,4
wheat,4
crisp rice cereal,4
stuffed green olive,4
dried sweet basil leaf,4
kombu,4
Sazon Goya seasoning,4
haddock fillet,4
poppy seed dressing,4
Polish sausage,4
ground celery seed,4
soup stock,4
frozen mixed berry,4
pork chop,4
strawberry ice cream,4
tartar sauce,4
floury potato,4
sharp white cheddar cheese,4
szechuan peppercorn,4
orange juice concentrate,4
leg of lamb,4
ground lamb,4
buttermilk biscuit,4
hazelnut,4
rock sugar,4
whole wheat bread crumb,4
evaporated cane juice,4
agave syrup,4
whole boneless skinless chicken breast,4
pork belly,4
fresh lemon zest,4
catfish fillet,4
canned pumpkin puree,4
triple sec,4
potato flour,4
tangerine,4
desiccated coconut,4
pork loin chop,4
single cream,4
frozen stew vegetable,4
chestnut mushroom,4
blanched almond,4
field mushroom,4
beef bouillon powder,4
butterscotch schnapps,4
coconut meat,4
unbleached white flour,4
onion ring,4
salsa verde,4
Rotel tomato %26 chilies,4
mexicorn,4
fresh asparagus,4
fenugreek seed,4
boston lettuce,4
pearl barley,4
baby potato,4
real vanilla extract,4
unsweetened pineapple juice,4
hidden valley ranch dressing mix,4
mace,4
baked bean,4
dried red kidney bean,4
blanched slivered almond,4
amaretto liqueur,4
whole milk ricotta cheese,4
sweet and sour sauce,4
cream of coconut,4
canned milk,4
pineapple chunk in juice,4
cooking wine,4
Chinese white rice vinegar,4
Karo syrup,4
smoked sausage,4
white rum,4
tapioca starch,4
wild mushroom,4
unsalted chicken stock,4
marshmallow cream,4
relish,4
steamed rice,4
lemon flavoring,4
flaked sea salt,4
chicken carcass,4
chicken bone,4
dried red pepper flake,4
CALUMET Baking Powder,4
tart apple,4
spicy sausage,4
light kidney bean,4
crystallized ginger,4
baby lima bean,4
unsulphured molasses,4
corn tortilla chip,4
cookie,4
distilled vinegar,4
duck,4
chicken fat,4
mango chutney,4
matzo ball,4
meringue powder,4
chutney,4
medium egg noodle,4
fowl,4
clove powder,4
dry ranch dressing mix,4
fine egg noodle,4
semolina flour,4
all purpose Greek seasoning,4
fresh sage leaf,4
sweet pickle,4
virgin olive oil,4
sour milk,4
oat flour,4
frozen lemonade,4
Crisco shortening,4
bamboo skewer,4
strawberry jam,4
puree,4
hunt tomato paste,4
naan bread,4
garlic pepper seasoning,4
bitter melon,4
bonito flake,4
sandwich bun,4
double crust pie crust,4
guacamole,4
fajita seasoning mix,4
green food coloring,4
southwest seasoning,4
hot chili powder,4
wakame seaweed,4
beef round steak,4
fresh lemon rind,4
Cointreau liqueur,4
vegan parmesan cheese,4
Eagle Brand Condensed Milk,4
pickling spice,4
taco shell,4
garlic granule,4
muenster cheese,4
adobo sauce,4
lowfat mozzarella cheese,4
frozen shrimp,4
whole grain mustard,4
refrigerated crescent dinner roll,4
mild green chilies,4
homemade mayonnaise,4
pasta noodle,4
Accent seasoning,4
homogenized milk,4
tuna steak,4
plum sauce,4
ginger powder,4
romaine lettuce leaf,4
canned corn,4
fresh shrimp,4
crescent roll dough,4
corn on the cob,4
pork loin roast,4
semolina,4
walnut piece,4
ladyfinger,4
serrano chili pepper,4
chicken breast halve,4
frozen raspberry,4
green salad,4
pizza crust mix,4
peppermint extract,4
carrot juice,4
whole coriander seed,4
crispy rice cereal,4
cream cheese frosting,4
royal icing,4
Coleslaw,4
fennel,4
stewing chicken,4
Emeril%27s Original Essence,4
liquid honey,4
Reames frozen noodle,4
smooth peanut butter,4
thin pizza crust,4
boneless bottom round roast,4
Boboli pizza crust,4
Truvia,4
kirby cucumber,4
beef short rib,4
pork fat,4
fine herbes,4
strawberry yogurt,3
toasted wheat germ,3
puffed rice cereal,3
sparkling wine,3
stone ground dijon mustard,3
unsweetened coconut,3
california avocado,3
soft cream cheese,3
filet of beef,3
pizza topping,3
marshmallow creme,3
cajun spice,3
whole wheat pita bread,3
jarlsberg cheese,3
deep fat,3
grouper,3
saffron strand,3
basil mayonnaise,3
fresh dill sprig,3
frozen unsweetened strawberry,3
wasabi powder,3
Fantastic Foods vegetarian chili mix,3
rock shrimp,3
chicken stock powder,3
dried Italian herb seasoning,3
cooked sushi rice,3
kefir,3
baby pea,3
wasabi paste,3
creole mustard,3
garlic chive,3
curry paste,3
cooked basmati rice,3
grape jelly,3
andouille sausage,3
bread and butter pickle,3
pretzel,3
I Can%27t Believe It%27s Not Butter,3
calamari,3
Gravy Master,3
cranberry sauce,3
frozen cut green bean,3
rye bread,3
yellow mustard seed,3
watercress leaf,3
frozen pea and corn,3
dulce de leche,3
imitation crabmeat,3
dry pectin,3
liquid smoke flavoring,3
lean ground sirloin,3
campbell%27s tomato soup,3
Wondra Flour,3
sparkling water,3
baby bella mushroom,3
Asian pear,3
bow tie pasta,3
frozen artichoke heart,3
dried porcini mushroom,3
sole fillet,3
vanilla protein powder,3
lemon pepper seasoning,3
chicken tenderloin,3
cereal flake,3
skirt steak,3
passion fruit juice,3
unsweetened dried shredded coconut,3
salmon steak,3
pie dough,3
kaffir lime leaf,3
bing cherry,3
Greek olive,3
Hass avocado,3
meat stock,3
skinless chicken breast half,3
grenadine,3
turbinado sugar,3
foie gras,3
anchovy packed in oil,3
sweet Italian sausage,3
mushroom cap,3
chicken soup powder,3
fresh cranberry,3
brioche bread,3
romaine leaf,3
fresh snow pea,3
head romaine lettuce,3
dry rub seasoning,3
red lentil,3
red snapper fillet,3
Portuguese roll,3
dried summer savory,3
vegetarian worcestershire sauce,3
ranch salad dressing,3
starch,3
vanilla powder,3
canned plum tomato,3
fillet,3
Italian breadcrumb,3
cauliflower head,3
amber beer,3
Italian style breadcrumb,3
parma ham,3
BREAKSTONE%27S Sour Cream,3
wasabi,3
candied cherry,3
pure chile powder,3
dried New Mexico chile,3
butter substitute,3
Fritos corn chip,3
barley flour,3
top sirloin steak,3
beef rib,3
soup bone,3
frozen pearl onion,3
beef soup stock,3
lean beef chuck,3
coarse onion,3
lean sirloin steak,3
roasted peanut,3
small whole potato,3
baby red potato,3
lean stew meat,3
frozen cubed hash brown potato,3
dried chilies,3
hot red chili pepper,3
chicken breast fillet,3
pork and bean,3
salt and fresh pepper,3
ground coffee,3
tarragon leaf,3
suet,3
hash brown patty,3
semisweet chocolate chunk,3
beef tip,3
gelatin powder,3
boneless beef chuck,3
onion soup,3
Campbell%27s condensed tomato soup,3
prime rib roast,3
top round roast,3
sour cream with chive,3
beef stew seasoning,3
mild taco sauce,3
Guinness stout,3
wheat beer,3
roast beef,3
frozen carrot,3
Japanese eggplant,3
roll of pork sausage,3
peach nectar,3
dark unsweetened cocoa,3
flat rice noodle,3
pecorino cheese,3
parmesan rind,3
tart crust,3
baby green pea,3
green onion with top,3
mung bean,3
devil%27s food cake mix,3
fresh pepper,3
ground fennel,3
golden caster sugar,3
chocolate square,3
lavender,3
toothpick,3
chocolate cake mix,3
blue crab,3
dried red lentil,3
lima bean,3
boiling onion,3
raw cashew,3
stew spice mix,3
cream of onion soup,3
grilled chicken,3
radicchio,3
English seedless cucumber,3
za%27atar spice mix,3
nutritional yeast,3
meatloaf mixture,3
Splenda brown sugar blend,3
oyster mushroom,3
frozen meatball,3
lobster tail,3
French onion soup mix,3
chocolate curl,3
semisweet vegan chocolate chip,3
pasta shell,3
champagne,3
allspice berry,3
custard powder,3
unseasoned breadcrumb,3
canned beef broth,3
porcini mushroom,3
Frangelico,3
English mustard,3
ground red chili pepper,3
cream soda,3
vegetarian baked bean,3
salmon caviar,3
queso fresco,3
green enchilada sauce,3
seasoned pepper,3
whole wheat tortilla,3
rice vermicelli,3
banana pepper,3
Primo mixed bean,3
louisiana hot sauce,3
nam pla,3
beef steak,3
pumpkin pie filling,3
condensed cheddar cheese soup,3
chunk pineapple,3
pico de gallo,3
tomato in puree,3
refried black bean,3
red currant jelly,3
unsweetened pineapple chunk,3
black bean soup,3
dried coriander,3
kidney bean in chili sauce,3
chinese noodle,3
purple cabbage,3
port wine,3
wild rice,3
dried red pepper,3
anasazi bean,3
canned chicken,3
saltine,3
frozen lima bean,3
sliced apple,3
boneless beef top sirloin steak,3
spicy pork sausage,3
dashi,3
beef consomme,3
spicy bulk sausage,3
rom,3
bulk pork sausage,3
crookneck yellow squash,3
Jimmy Dean sausage,3
dill relish,3
pink food coloring,3
red ripe tomato,3
beau monde seasoning,3
real butter,3
parboiled rice,3
semisweet chocolate piece,3
dried coconut,3
white miso,3
canned stewed tomato,3
crostini,3
organic whole wheat flour,3
nonfat vanilla yogurt,3
prepared yellow mustard,3
chervil,3
Kraft Shredded Sharp Cheddar Cheese,3
pistachio nut,3
sweetcorn,3
pork and bean with molasses,3
stevia powder,3
boiled potato,3
ham bone,3
broad bean,3
minced meat,3
soft brown sugar,3
caramel ice cream topping,3
pepper bacon,3
McCormick%27s Season All,3
dried tarragon leaf,3
pancake syrup,3
pecan nut,3
dried yeast,3
sausage link,3
white corn,3
small shell pasta,3
nonpareil,3
ham steak,3
vegan sugar,3
rum flavoring,3
ground meat substitute,3
capsicum,3
small potato,3
bread machine yeast,3
buffalo mozzarella,3
brewed espresso,3
boneless chicken thigh,3
fresh yeast,3
passata,3
fat free cheese,3
converted rice,3
winter squash,3
maggi seasoning,3
minced clam,3
extra large egg white,3
canned pineapple chunk,3
seitan,3
sourdough baguette,3
crisp bacon,3
whole cumin seed,3
light coconut milk,3
liquor,3
palm sugar,3
instant mashed potato,3
sweet whole kernel corn,3
baby arugula,3
summer savory,3
lollipop stick,3
dipping sauce,3
instant nonfat dry milk powder,3
white grape juice,3
baking apple,3
recipe pizza dough,3
pina colada nonalcoholic drink mix,3
Chinese barbecue pork,3
lemon curd,3
jellied cranberry sauce,3
unsweetened crushed canned pineapple,3
Dream Whip,3
refrigerated pie crust,3
stuffed olive,3
pork roast,3
oyster cracker,3
Coco Lopez,3
ciabatta roll,3
soybean oil,3
frozen orange juice,3
shelled pea,3
mascarpone,3
alfalfa sprout,3
spiced rum,3
fresh spinach leaf,3
white sesame seed,3
red chili powder,3
dry basil leaf,3
fresh ahi tuna,3
pumpkin spice,3
mandarin orange section,3
dried date,3
light oil,3
rump roast,3
fat free mozzarella cheese,3
coconut butter,3
meringue,3
crepe,3
hot sausage,3
Malibu rum,3
New York strip steak,3
Cheese Whiz,3
hoagie roll,3
ganache,3
frozen cauliflower,3
grilled chicken breast strip,3
plum,3
Smart Balance butter spread,3
acorn squash,3
rose water,3
dried savory,3
strawberry juice,3
pomegranate,3
passion fruit pulp,3
tuna in water,3
lasagna sheet,3
canned crushed pineapple,3
instant brown rice,3
fresh broccoli floret,3
frozen cooked shrimp,3
spaghetti sauce mix,3
honeydew melon,3
farfalle pasta,3
green ginger,3
whole turkey,3
extra firm tofu,3
dinner roll,3
emmenthaler cheese,3
string,3
tortellini,3
fat free chicken broth,3
TABASCO brand Chipotle Pepper Sauce,3
dried funghi porcini,3
medium grain rice,3
dried hot red chili pepper,3
hard alcoholic cider,3
yogurt cheese,3
Pernod,3
strawberry gelatin,3
frozen strawberry in syrup,3
canned peach,3
strawberry slice,3
arbol chile,2
pizza seasoning,2
portabella mushroom cap,2
submarine roll,2
waffle,2
light cheddar cheese,2
vanilla wafer crumb,2
dried cilantro,2
loin lamb,2
rotini noodle,2
seasoned dry bread crumb,2
fresh mango,2
shiso leaf,2
seedless watermelon,2
bermuda onion,2
pot roast,2
cherry gelatin,2
KRAFT Shredded Cheddar Cheese,2
peach slice,2
cheese sauce,2
ground hazelnut,2
instant beef bouillon,2
cayenne powder,2
peach schnapps,2
gumdrop,2
pepperoni slice,2
cream of tomato soup,2
fine dry white bread crumb,2
chocolate extract,2
cheese curd,2
roast,2
sweet rice,2
fat free Greek yogurt,2
Asian seasoning,2
Italian cut green bean,2
fat free tortilla,2
Cotija cheese,2
dill pickle slice,2
PHILADELPHIA Neufchatel Cheese,2
sucanat,2
powdered saffron,2
jumbo egg,2
poundcake,2
bratwurst,2
KRAFT Shredded Mild Cheddar Cheese,2
Belgian endive,2
kirsch liqueur,2
cooked pumpkin,2
medium firm tofu,2
mushroom piece,2
microwave popcorn,2
udon noodle,2
red miso,2
low fat mozzarella,2
mint extract,2
sponge cake,2
sugar syrup,2
fresh Brussels sprout,2
whole boneless chicken breast,2
chocolate sandwich style cooky,2
pastry crust,2
hot banana pepper,2
raspberry jam,2
whole wheat English muffin,2
Baileys Irish Cream,2
frankfurter,2
alcohol,2
measuring cup,2
mineral water,2
pineapple sherbet,2
half and half milk,2
boston butt,2
liquid sweetener,2
Heinz Chili Sauce,2
genoise cake,2
Italian cheese,2
ground chipotle chile pepper,2
goldfish cracker,2
bouillon,2
chicken seasoning,2
Jello Instant Vanilla Pudding Mix,2
gluten free baking powder,2
blood orange,2
espresso powder,2
tapioca,2
ground marjoram,2
seedless raisin,2
yellow sweet onion,2
boneless chicken,2
multigrain bread,2
four cheese blend,2
chicken leg quarter,2
smoked tofu,2
smoked gouda cheese,2
crushed pineapple in syrup,2
fresh goat cheese,2
glutinous rice,2
chard leaf,2
thin spaghetti,2
star anise pod,2
bitter chocolate,2
pork baby back rib,2
fresh edible flower,2
cupcake liner,2
seafood cocktail sauce,2
extra finely granulated sugar,2
frozen sweet pea,2
hummus,2
buttercream frosting,2
Roquefort cheese,2
rib eye steak,2
prune baby food,2
onion juice,2
crab boil,2
soda pop,2
Hersheys Chocolate Syrup,2
sweet cream,2
long grain brown rice,2
cider,2
cooked couscous,2
roasted garlic and olive oil couscous,2
broccoli stem,2
beet sugar,2
boneless beef roast,2
canned mandarin orange,2
Thai pepper,2
whole wheat spaghetti,2
bottled water,2
mild sausage,2
laurel leaf,2
roasted sweet pepper,2
sweet Hungarian paprika,2
root beer,2
carbonated water,2
French haricot vert,2
buckwheat flour,2
minestrone soup,2
caramel topping,2
dry mixed bean,2
German chocolate cake mix,2
marzipan,2
mixed sprout,2
baby eggplant,2
tiny pasta,2
butter lettuce,2
coconut essence,2
frozen English pea,2
gingerbread mix,2
cubanelle pepper,2
broccoli sprout,2
breading,2
broiler,2
yellow bean,2
fresh fettuccine,2
light Karo syrup,2
table cream,2
habanero sauce,2
frozen pineapple concentrate,2
lime slice,2
dried cannellini bean,2
chocolate wafer cooky,2
bock beer,2
green cardamom pod,2
black kale,2
chocolate wafer crumb,2
salad seasoning,2
sesame,2
penne,2
gumbo file,2
fried bacon,2
anise seed,2
dried red chili pepper,2
aged cheddar cheese,2
bread bowl,2
dried rubbed sage,2
cooked noodle,2
cooked egg noodle,2
Madras curry powder,2
dried red bean,2
smoked ham hock,2
oregano flake,2
Golden Grahams cereal,2
dried kidney bean,2
Tony Chachere%27s Seasoning,2
firm banana,2
masa harina flour,2
egg roll wrap,2
lean ham,2
cubed ham,2
pattypan squash,2
duck confit,2
baked tofu,2
Best Foods Mayonnaise,2
light caesar salad dressing,2
OSCAR MAYER Bacon,2
hot chicken stock,2
dried greek oregano,2
ham hock,2
French vanilla instant pudding,2
fresno chile pepper,2
texas pete,2
top round beef,2
masa harina,2
hot chili bean,2
elephant garlic clove,2
unsweetened almond milk,2
Campbell%27s French onion soup,2
cookie dough,2
mild paprika,2
90%25 lean ground beef,2
mushroom stock,2
seasoned stuffing mix,2
cornbread,2
grit,2
frozen edamame,2
firm silken tofu,2
chai tea teabags,2
bean curd,2
red cayenne pepper,2
cane syrup,2
vegemite,2
hot chicken broth,2
ham shank,2
peppermint schnapps,2
dutch process cocoa,2
shoulder bacon,2
field green,2
tart cherry,2
red raspberry,2
sweet pork sausage,2
Heinz thick and spicy barbecue sauce,2
whole berry cranberry sauce,2
candied walnut,2
frozen cranberry juice concentrate,2
whole skinless chicken breast,2
lime rind,2
cracker meal,2
san marzano tomato,2
orange slice,2
popped popcorn,2
sweet soy sauce,2
condensed chicken broth,2
sweet sausage,2
carambola,2
sea bass fillet,2
prepared stuffing,2
white grape,2
pitted ripe olive,2
fresh fig,2
mandarin orange segment,2
black grape,2
Sweet %27n Low,2
Mexican tomato,2
frozen snow pea,2
ground beef round,2
red hot sauce,2
red salmon,2
focaccia bread,2
coddled egg,2
vegan margarine,2
jalapeno seasoning salt,2
turmeric powder,2
fine sugar,2
beef brisket,2
dried mushroom,2
cheesecake,2
cayenne pepper sauce,2
vanilla frosting,2
lean ground chuck,2
boneless round steak,2
unsweetened apple juice,2
szechwan pepper,2
lemon pudding mix,2
strawberry ice cream topping,2
hubbard squash,2
shredded wheat cereal,2
fermented black bean,2
chocolate ice cream,2
top round steak,2
dehydrated onion,2
creme de banane,2
Creme de Cacao,2
cooked lean ground beef,2
cherry brandy,2
spiral shaped pasta,2
Thai sweet chili sauce,2
Oreo cookie crumb,2
olive juice,2
hot chili oil,2
demerara sugar,2
instant espresso,2
pate brisee,2
beef kidney,2
fuji apple,2
corned beef,2
broad egg noodle,2
artichoke,2
maida flour,2
cube steak,2
seasoned flour,2
bleu cheese salad dressing,2
strawberry preserve,2
liquid stevia,2
skim milk powder,2
tandoori masala,2
black truffle,2
French roll,2
dry crushed red pepper,2
pickled pepper,2
honey mustard,2
cooked elbow macaroni,2
gouda cheese,2
Mandarin pancake,2
yellow capsicum,2
pickled beet,2
braeburn apple,2
gluten,2
dry lentil,2
maltose,2
Thai chile,2
plum jam,2
hamburger bun with sesame seed,2
whole duck,2
Heinz ketchup,2
Chinese pancake,2
tuna fish,2
orange extract,2
angel food cake mix,2
Splenda Sugar Blend for Baking,2
old cheddar cheese,2
plain tomato juice,2
nonfat beef broth,2
white cabbage,2
peach pie filling,2
boneless pork shoulder,2
macaroni noodle,2
cooked macaroni,2
cinnamon baking chip,2
sesame seed oil,2
vanilla wafer cooky,2
blue food coloring,2
Stove Top stuffing mix,2
back bacon,2
dry oregano,2
hickory flavored barbecue sauce,2
whole wheat pizza dough,2
frozen bread dough,2
chow mein noodle,2
shimeji mushroom,2
chocolate liqueur,2
banana liqueur,2
strawberry liqueur,2
boneless sirloin steak,2
Mexican chili powder,2
corn muffin mix,2
light chunk tuna in water,2
olive oil mayonnaise,2
thousand island dressing,2
canned tuna,2
whole leaf oregano,2
pinto bean with jalapeno pepper,2
solid white tuna packed in water,2
canned whole kernel corn,2
sweet corn relish,2
baked bean in tomato sauce,2
baked bean with molasses,2
black pudding,2
M %26 M%27s plain chocolate candy,2
mesclun,2
ogo,2
firm ripe tomato,2
salad dressing mix,2
corn tortilla strip,2
smoked chicken,2
taco chip,2
chili without bean,2
candied red cherry,2
almond paste,2
butter recipe cake mix,2
baked corn tortilla chip,2
canned corn kernel,2
pickled ginger,2
basic pizza dough,2
breakfast sausage link,2
chile,2
bocconcini,2
rye cocktail bread,2
lavash bread,2
country gravy mix,2
refrigerated buttermilk biscuit,2
cocktail frank,2
Pillsbury refrigerated classic pizza crust,2
white truffle oil,2
hollandaise sauce,2
lamb fillet,2
pumpernickel bread,2
hop,2
yellow rock sugar,2
mozzarella string cheese,2
boneless pork loin,2
Kikkoman soy sauce,2
red chili sauce,2
glace cherry,2
unsweetened vanilla almond milk,2
cocoa nib,2
whole wheat pasta,2
orange%2C zest of,2
fresh sweet basil leaf,2
hot smoked paprika,2
honey graham cracker,2
flax seed oil,2
lean pork shoulder,2
beef tenderloin steak,2
pickled shallot,2
boneless pork loin chop,2
marsala wine,2
boneless lean pork,2
dry marsala,2
sweetened coconut,2
candied fruit,2
limes%2C juice and zest of,2
king prawn,2
small curd cottage cheese,2
cardamom seed,2
whipped cream cheese,2
citron,2
strong black coffee,2
maple extract,2
shanghai noodle,2
shaosing wine,2
hot pepper oil,2
pepper sauce,2
dried navy bean,2
Chinese sausage,2
fresh shiitake mushroom,2
ground basil,2
sweet marsala wine,2
fleur de sel,2
aleppo pepper,2
mixed green,2
pate,2
refrigerated biscuit,2
Oscar Mayer Smoked Ham,2
hot cocoa mix,2
jelly,2
light cream cheese spread,2
Club cracker,2
shortcut bacon,2
lebanese cucumber,2
fried onion,2
fresh dill weed,2
soya milk,2
Braggs liquid amino,2
baby clam,2
semisweet mini chocolate chip,2
israeli couscous,2
fideos,2
dark cocoa,2
coarse sugar,2
mitsuba,2
chuck,2
MINUTE White Rice,2
bibb lettuce,2
ancho chili,2
steamer clam,2
apple pie spice,2
cooked lasagna noodle,2
black coffee,2
distilled water,2
wooden stick,2
radish sprout,2
dried garbanzo bean,2
toast round,2
homemade chicken broth,2
passion fruit puree,2
fig,2
mushroom stem and piece,2
star fruit,2
coffee creamer,2
small mushroom,2
rib,2
canned mushroom,2
chicken gravy,2
salt cod fish,2
frozen white bread dough,2
Ritz cracker crumb,2
cockle,2
fresh large mushroom,2
sweetened coconut milk,2
cream sherry,2
Contadina tomato sauce,2
yellow split pea,2
orange section,2
fresh white mushroom,2
lemon mayonnaise,2
crab claw,2
light cranberry juice,2
dried pea,2
waffle mix,2
almond butter,2
chablis,2
ground chicken breast,2
golden rum,2
raspberry yogurt,2
miniature chocolate chip,2
stone ground mustard,2
frozen pepper and onion,2
roasted pepper,2
gem lettuce,2
Fontina cheese,2
leaf thyme,2
lean boneless pork shoulder,2
pineapple stick,2
lean boneless pork loin,2
butter flavored cracker,2
rome apple,2
calvados,2
eggnog,2
canned lychee,2
mint chocolate chip ice cream,2
pineapple ring,2
white meat chicken,2
mustard vinaigrette,2
canned tomato sauce,2
Russian salad dressing,2
wheat bran,2
unsalted dry roasted peanut,2
peach yogurt,2
boneless beef top loin steak,2
whole green chilies,2
ginger paste,2
dried apricot half,2
pork steak,2
Mexican crema,2
tzatziki,2
green chili salsa,2
barbecued pork,2
almond half,2
hot mustard,2
fat free crouton,2
vanilla bean paste,2
digestive biscuit,2
brown lentil,2
mild chile,2
Butter Flavor Crisco,2
custard,2
chicken cutlet,2
fat free raspberry walnut vinaigrette,2
soy crumbles,2
hot dog bun,2
Quaker Oats,2
caramel candy,2
lobster stock,2
unsalted peanut,2
citric acid,2
white truffle,2
thickened cream,2
pickled jalapeno chili,2
fresh green chile,2
jalapeno juice,2
strawberry syrup,2
fresh green chilies,2
fontina,2
ascorbic acid,2
cooked beef,2
limes%2C juice of,2
plain sweet biscuit crumb,2
sugar cube,2
candied peel,2
dried leaf thyme,2
cooking onion,2
Jiffy baking mix,2
instant malted milk powder,2
turkish bay leaf,2
dark raisin,2
rigatoni pasta,2
real maple syrup,2
Little Smokies sausage,2
almond liqueur,2
boneless leg of lamb,2
pie crust mix,2
butter flavor shortening,2
fresh scallion,2
broiler chicken,2
meat tenderizer,2
Agave,2
boneless lamb shoulder,2
condensed golden mushroom soup,2
tasty cheese,2
instant Oxo,2
frozen tater tot,2
toffee piece,2
frozen light whipped dessert topping,2
risotto rice,2
small squid,2
red caviar,2
enchilada sauce,2
grilled chicken breast,2
tamarind paste,2
manila clam,2
squid ring,2
honey dijon mustard,2
Kraft Shredded Monterey Jack Cheese,2
golden brown sugar,2
shell pasta,2
horseradish sauce,2
butter flavor extract,2
coconut cream powder,2
curry leaf,2
chili bean sauce,2
pork bone,2
thin soy sauce,2
small marshmallow,2
fried rice seasoning,2
butterscotch chip,2
head lettuce,2
garlic flake,2
dried currant,2
veal stock,2
pink salmon,2
baby green,2
fresh white breadcrumb,2
lobster meat,2
hot salsa,2
pea corn and carrot mix,2
cooked quinoa,2
black forest ham,2
plain soymilk,2
vanilla pod,2
dark soya sauce,2
seafood,2
chicken breast tender,2
gluten flour,2
smoked almond,2
vienna bread,2
Thai green chili,2
drinking chocolate,2
chicken liver,2
ciabatta,2
coating mix,2
sweet milk,2
vanilla chip,2
grape juice,2
ground pork butt,2
Contadina diced tomato,1
Greek salad dressing,1
deviled ham,1
skinless chicken drumstick,1
fresh savory,1
Prego spaghetti sauce,1
Meyer%27s dark rum,1
hijiki seaweed,1
rolling pin,1
onion top,1
Pillsbury refrigerated thin pizza crust,1
red jalapeno chile,1
black decorating gel,1
feta cheese dressing,1
pickled pearl onion,1
hunt roasted garlic and onion spaghetti sauce,1
whole wheat pasta shell,1
lemons%2C zest of,1
veggie crumbles,1
bay leaf powder,1
dried lily bud,1
vegan cheese,1
head iceberg lettuce,1
white chocolate pudding mix,1
dry salami,1
Greek feta cheese,1
caper berry,1
sugar cooky,1
Greek oregano,1
yellow pear tomato,1
mixed candied fruit,1
Hellmanns Mayonnaise,1
hot roll mix,1
margarita mix,1
candied pineapple,1
summer sausage,1
ouzo,1
baby beet,1
pork sausage link,1
yellow pattypan squash,1
Italian turkey sausage,1
refrigerated sugar cookie dough,1
butter flavoring,1
liver pate,1
phyllo dough,1
raw peanut,1
bread dough,1
banana pepper ring,1
canned Italian tomato,1
filet mignon,1
manchego cheese,1
sandwich bread,1
candied green cherry,1
leafy green,1
cooked chicken breast strip,1
orange preserve,1
foie gras pate,1
burdock root,1
mostaccioli pasta,1
Nature%27s Seasons,1
crushed tomato in puree,1
dry white vermouth,1
vanilla candy coating,1
sugar cookie mix,1
whole cardamom pod,1
cream cheese with garlic and herb,1
cellophane noodle,1
powdered soy protein concentrate,1
peppermint leaf,1
chicken noodle soup mix,1
diced tomato with jalapeno,1
canned sliced green chile,1
slim cucumber,1
salmon roe,1
culantro,1
cream cheese fruit dip,1
caper packed in salt,1
pomegranate molasses,1
serranos,1
Thai red chili pepper,1
umeboshi,1
apple pie filling,1
Contadina tomato paste,1
strawberry pie filling,1
Pillsbury sugar cookie dough,1
candy,1
shichimi togarashi,1
spicy vegetable juice,1
chestnut puree,1
Asian noodle,1
green olive in brine,1
mango puree,1
buttermilk biscuit mix,1
sambal chili paste,1
Ritz Bits mini cheese cracker,1
stir fry seasoning,1
salted cashew,1
miniature pretzel,1
cheese cracker,1
Bugles original flavor snack,1
goat meat,1
chili paste with garlic,1
Bugles nacho flavor snack,1
puffed wheat cereal,1
white syrup,1
strawberry cream cheese,1
Hellmann%27s light mayonnaise,1
Crispix cereal,1
red wine and vinegar salad dressing,1
Cap%27n Crunch cereal,1
Minute brown rice,1
black raspberry,1
sherbet,1
tomato seasoned with basil garlic %26 oregano,1
unsalted pretzel,1
Ritz Bits mini peanut butter cracker,1
vanilla vodka,1
shoestring potato,1
creme de noyaux,1
solid shortening,1
roasted chicken breast,1
kirschwasser,1
coconut ice cream,1
Rich Whip,1
nonstick spray coating,1
brewed tea,1
French vanilla cake mix,1
Major Grey chutney,1
French mustard,1
country ham,1
pastry flan,1
miniature croissant,1
Wheat Chex,1
Rice Chex,1
Corn Chex,1
vegetable cracker,1
small pretzel,1
fennel head,1
fresh compressed yeast,1
medium pasta shell,1
soft bread cube,1
frozen chopped onion,1
homemade chicken stock,1
boneless pork chop,1
steak spice,1
oriental sesame oil,1
cooked salmon,1
ice cream cone,1
fish cake,1
dried pinto bean,1
pistachio paste,1
masa corn flour,1
maple bacon,1
Korean Rice Cakes,1
red cherry,1
large curd cottage cheese,1
instant pistachio pudding mix,1
strawberry jelly,1
Italian herb seasoning,1
spaghettini,1
unsalted shelled pistachio,1
fromage frais,1
grapefruit juice,1
popsicle,1
pure olive oil,1
gala apple,1
spaghetti squash,1
whole grain bread,1
Italian turkey sausage link,1
cashew piece,1
dry buttermilk,1
whole nutmeg,1
paper cup,1
veal neck bone,1
Vermont sharp cheddar cheese,1
korean red pepper powder,1
Hershey candy cane kiss,1
Andes peppermint crunch baking chip,1
fat free ranch dressing,1
korean red pepper paste,1
adzuki bean,1
tomato with herb,1
shortcake,1
cheesecake flavor instant pudding and pie filling,1
Kraft 100%25 Parmesan Cheese,1
coffee bean,1
chocolate sprinkle,1
Good Seasonings Italian salad dressing mix,1
dried white bean,1
buckwheat groat,1
milk chocolate frosting,1
chocolate frosting,1
buttery cracker,1
chocolate fudge frosting,1
baking chocolate square,1
green taco sauce,1
roasted sunflower seed,1
apricot nectar,1
home fry,1
Simply Potatoes Diced Potatoes with Onion,1
lingonberry preserve,1
jelly powder,1
spice essence,1
Rice Krispies treat,1
o%27brien frozen potato,1
colby,1
O%27Brien potato,1
frozen sliced strawberry,1
coffee ice cube,1
pitted prune,1
chile de arbol,1
Chinese celery,1
mild green chili,1
Chinese vegetable,1
honey soy dressing,1
salted shrimp,1
duck breast half,1
boneless chuck roast,1
chicken and rice soup,1
hen,1
turkey stock,1
diced green chili,1
turkey meat,1
dried morel,1
whole grain cereal,1
light sesame oil,1
rock cod fish,1
preserved black bean,1
Special K cereal,1
pear half,1
Clamato juice,1
potato salad,1
cultured buttermilk,1
dried Italian salad dressing mix,1
beef sirloin,1
oxtail,1
whole almond,1
fresh lemongrass,1
organic carrot,1
banana baby food,1
maraschino cherry juice,1
gummy worm,1
sour mix,1
Jack Daniels Whiskey,1
watermelon rum,1
ground rosemary,1
muscovado sugar,1
strawberry daiquiri mix,1
harissa,1
raspberry sorbet,1
Tabasco garlic pepper sauce,1
Italian roll,1
giardiniera,1
sirloin tip roast,1
powdered drink mix,1
parsley stem,1
herb seasoning mix,1
Red Bliss potato,1
red peppercorn,1
balsamic glaze,1
canned consomme,1
small white potato,1
garam masala powder,1
red sweet bell pepper,1
beef knuckle,1
Kraft mayonnaise,1
Broccolini,1
ajwain,1
jumbo lump crab meat,1
dry linguine,1
skim milk ricotta cheese,1
meat seasoning,1
Coleman%27s dry mustard,1
fat free whole wheat tortilla,1
ginger syrup,1
black jelly bean,1
vegan sausage link,1
whey protein,1
goat%27s cheese,1
beef top round steak,1
instant couscous,1
chocolate whipped cream,1
whole wheat couscous,1
glass container,1
fresh marjoram,1
vegan pasta,1
london broil beef,1
preserve,1
vegan pepperoni,1
minced clam with juice,1
rump steak,1
vegan mozzarella cheese,1
tomato sauce with basil garlic and oregano,1
Gimmie Lean sausage flavor,1
beef shoulder,1
Libby%27s canned pumpkin,1
dry oregano leaf,1
gingersnap cooky,1
whey protein powder,1
blade steak,1
fryer,1
dried chestnut,1
fresh sea scallop,1
blackened steak seasoning,1
yellow sweet pepper,1
apple butter,1
pastry cream,1
ground paprika,1
Cornish hen,1
meat marinade,1
salsify,1
dry sweetener,1
curry sauce mix,1
raw zucchini,1
buttered bread crumb,1
light whipped topping,1
chicken leg with thigh,1
gelatin sheet,1
unsweetened dutch cocoa,1
kashmiri chili powder,1
plastic wrap,1
dry thyme leaf,1
fresh spearmint,1
jelly bean,1
kabocha squash,1
tapenade,1
soft fresh goat cheese,1
boneless beef sirloin,1
halibut,1
chocolate crumb crust,1
octopus,1
ruby red grapefruit juice,1
strawberry glaze,1
Texas toast thick bread,1
mixed cheese,1
Nutrasweet,1
pineapple rum,1
cooked beet,1
lingonberry jam,1
pan dripping,1
spicy bbq sauce,1
sour cream and onion potato chip,1
gingersnap,1
veal steak,1
vanilla rum,1
fruit jelly,1
chayote,1
mixed baby lettuce and spring green,1
frozen italian style meatball,1
clotted cream,1
crusty Italian bread,1
mortadella,1
beau monde spice,1
spice cake mix,1
dry onion,1
solid pack pumpkin,1
spinach pasta,1
Splenda quick pack,1
cabbage kimchi,1
globe eggplant,1
Italian pork sausage,1
diet orange soda,1
Italian vinaigrette dressing,1
pan juice,1
sausage meat,1
coffee ice cream,1
pumpkin pie mix,1
locatelli cheese,1
Heath candy bar,1
unsalted sunflower seed,1
mustard green,1
capellini,1
soy coffee creamer,1
dried rice noodle,1
pink lemonade mix,1
marmite,1
strawberry puree,1
goji berry,1
whole mustard seed,1
deli turkey,1
chicken back,1
water chestnut flour,1
ginkgo nut,1
frozen limeade concentrate,1
whole allspice,1
invert sugar,1
Chambord raspberry liquor,1
dried hot pepper,1
beef round tip steak,1
Bacardi light rum,1
dried arbol chile,1
process American cheese,1
unsweetened strawberry,1
raw wild rice,1
red bean paste,1
light teriyaki sauce,1
spike seasoning,1
Knorr Leek mix,1
frozen asparagus cut,1
lemon juice concentrate,1
chocolate caramel coffee creamer,1
wood ear mushroom,1
leek white,1
Chinese wheat noodle,1
McCormick Salad Supreme Seasoning,1
boston lettuce leaf,1
pie apple,1
bourbon whiskey,1
porridge oat,1
dried red chili,1
pita pocket,1
co lettuce,1
blackberry jelly,1
dried large lima bean,1
diet Sprite,1
cream of broccoli soup,1
frozen pea pod,1
whole salmon,1
Montreal chicken seasoning,1
whole wheat biscuit,1
sesame stick,1
truffle butter,1
nacho cheese,1
red date,1
black bread,1
lean flank steak,1
unbaked pie crust,1
cipollini onion,1
red pearl onion,1
ra el hanout spice mix,1
baby chicken,1
monosodium glutamate,1
rotelle pasta,1
cheese pumpkin,1
millet,1
butterhead lettuce,1
herbal liqueur,1
standing rib roast,1
cookie crumb,1
ginseng root,1
blood orange juice,1
crunchy peanut butter,1
corn oil margarine,1
diet ginger ale,1
fructose,1
swiss steak,1
Absolut mandarin vodka,1
boneless beef round steak,1
lemon gelatin,1
tamarind pulp,1
diced tomato with basil oregano and garlic,1
black mustard seed,1
crab,1
bird chile,1
japanese cucumber,1
jamaican rum,1
nutmeats,1
beef sirloin steak,1
wildflower honey,1
clear honey,1
soy margarine,1
dried banana piece,1
instant banana pudding mix,1
Earth Balance whipped spread,1
dry curd cottage cheese,1
Italian tomato,1
fat pork,1
Hershey chocolate kiss,1
Doritos,1
brown bean sauce,1
raw honey,1
dry onion flake,1
maple flavoring,1
baby back rib,1
green cherry,1
natural applesauce,1
brie cheese,1
chipotle chili seasoning,1
red leaf lettuce,1
catfish,1
fresh pumpkin puree,1
sea salt %26 fresh black pepper,1
barbecue potato chip,1
consomme,1
Pickapeppa Sauce,1
malted milk ball,1
epazote,1
dried celery leaf,1
longhorn cheese,1
natural almond,1
small scallop,1
green lentil,1
fine cracker crumb,1
Karo light corn syrup,1
candy oil,1
milk solid,1
Pillsbury refrigerated butter flake crescent dinner roll,1
short rib of beef,1
creme de cassis,1
nicoise olive,1
brine,1
soybean,1
plain Doritos,1
kamut flour,1
chapati,1
salad leaf,1
skinless pollock fillet,1
kalonji,1
onion seed,1
olive oil and vinegar dressing,1
garlic bread,1
lemon thyme,1
espresso coffee,1
curly endive lettuce,1
white port,1
hard apple cider,1
fruit slice,1
red radish,1
cooked rotini,1
jonathan apple,1
nonfat cottage cheese,1
dried wood ear mushroom,1
pickled radish,1
Everclear alcohol,1
bread and butter pickle slice,1
bockwurst,1
frozen white corn,1
white corn flour,1
refrigerated chocolate chip cookie dough,1
Lightlife Gimme Lean ground beef,1
carrot stick,1
herb salad dressing,1
apple for pie,1
peppermint tea,1
boysenberry,1
white chocolate liqueur,1
cinnamon schnapps,1
Licor 43,1
apple liqueur,1
stewed apple,1
greek dressing,1
marinated tofu,1
orange concentrate,1
dry dill weed,1
fat free corn tortilla,1
Kraft Mexican Style Finely Shredded Four Cheese,1
vital wheat gluten,1
canned jalapeno slice,1
Pillsbury Crescent Recipe Creations refrigerated flaky dough sheet,1
chicken strip,1
chipotle paste,1
lamb sausage,1
frozen corn black bean and sweet pepper,1
sweet vermouth,1
sourdough starter,1
taco blend cheese,1
salonika pepper,1
apricot brandy,1
Clear Jel,1
boneless turkey breast,1
whole wheat bread dough,1
shoestring carrot,1
raspberry red wine vinegar,1
avgolemono sauce,1
boneless beef cube,1
candy covered plain chocolate candy,1
butterscotch pudding mix,1
colored sugar sprinkle,1
silver cachou,1
prepared icing,1
licorice,1
dried sour cherry,1
frozen pineapple chunk,1
roasted garlic clove,1
unsweetened white grape juice,1
unbaked pastry shell,1
lemon leaf,1
ginger crisp,1
instant butterscotch pudding mix,1
raspberry sherbet,1
85%25 lean ground beef,1
coconut flavoring,1
green candied pineapple,1
chocolate sorbet,1
rice stick,1
fast rise yeast,1
lingonberry,1
red curry paste,1
salted herring,1
cream of wheat,1
almond flavoring,1
tartaric,1
graham cracker square,1
pickled cucumber,1
papaya nectar,1
frozen sweet corn,1
lingonberry sauce,1
frozen unsweetened raspberry,1
80%25 lean ground beef,1
tomato cocktail juice,1
Campbell%27s Cream of Mushroom Soup,1
mushroom soup,1
winter melon,1
onion gravy mix,1
dried peach,1
candied ginger,1
peach wine,1
white chicken meat,1
coconut liqueur,1
white raisin,1
beef stew,1
blueberry pie filling,1
cherry flavored liqueur,1
cranberry juice cocktail,1
ziti pasta,1
lactobacillus acidophilus culture,1
vegan gelatin,1
dry gin,1
palm oil,1
mahdzoon,1
red velvet cake mix,1
chicken thigh fillet,1
Kraft Shredded Mozzarella Cheese,1
soy pepperoni,1
Campbell%27s Cream of Chicken Soup,1
yogurt starter,1
sweet bean paste,1
sweet chocolate,1
smoked cod,1
currant jelly,1
wafer cooky,1
hard cheese,1
garlic juice,1
fresh chili pepper,1
coffee liqueur,1
toasted hazelnut,1
challah,1
five cheese blend,1
brown rice pasta,1
guava nectar,1
cooked small shell pasta,1
lemon soda,1
raw small shrimp,1
cucumber salad dressing,1
creamy dill dressing,1
white wine worcestershire sauce,1
cherry in juice,1
pickled sweet pepper,1
pickled hot pepper,1
refrigerated cornbread twist dough,1
parmigiano,1
frank,1
beef hot dog,1
red chili paste,1
anise extract,1
Nestles Quik,1
melon,1
fat free chocolate syrup,1
gray salt,1
gnocchi,1
passionfruit syrup,1
fatty pork,1
Chinese wine,1
napa cabbage leaf,1
miniature pretzel twist,1
aromatic bitter,1
wasabi pea,1
roasted soybean,1
light vanilla soymilk,1
whey powder,1
grouper fillet,1
smoked turkey,1
smoked turkey breast,1
Oscar Mayer real bacon bit,1
Philadelphia Savory Garlic Cooking Creme,1
wonton skin,1
maraschino juice,1
chocolate cooky,1
white chocolate baking square,1
instant white chocolate pudding and pie filling mix,1
white baking chocolate,1
shortbread cooky,1
chocolate cookie crumb,1
potato gnocchi,1
parmesan crouton,1
boneless duck breast,1
PLANTERS Sliced Almonds,1
candied pecan,1
fruit preserve,1
gluten free bread,1
sparerib,1
New England clam chowder,1
beet with green,1
turkey broth,1
watermelon radish,1
sugar crystal,1
lean boneless pork,1
KRAFT Shredded Parmesan Cheese,1
KRAFT Shredded Mozzarella Cheese with a Touch of PHILADELPHIA,1
Fleischmann%27s margarine,1
frozen broccoli carrot cauliflower mix,1
meatless sauce,1
fresh nutmeg,1
lady finger cooky,1
imported bittersweet chocolate,1
garlic scape,1
sparerib rack,1
lemon twist,1
bitter,1
tonic water,1
shrimp cracker,1
crushed plum tomato,1
kombucha,1
whole wheat cracker crumb,1
boneless skinless chicken cutlet,1
whitebait,1
leaf lettuce,1
candied citron peel,1
candied orange,1
orange Curacao,1
candied orange peel,1
flavored oil,1
marsala,1
cannoli shell,1
haldi powder,1
refrigerated dinner roll,1
sweet Italian sausage link,1
achiote,1
swede,1
stock cube,1
frozen cut okra,1
mild salsa,1
breaded chicken nugget,1
bean thread noodle,1
fresh boneless fish fillet,1
citrus juice,1
citrus fruit,1
wheat cracker,1
KRAFT 2%25 Milk Shredded Mozzarella Cheese,1
boneless boston pork roast,1
banana rum,1
Spanish peanut,1
meatless spaghetti sauce,1
dried blueberry,1
soup mix,1
flounder,1
soy cheddar cheese,1
snap pea,1
green curry paste,1
sevruga caviar,1
Velveeta reduced fat cheese product,1
plain hash brown,1
sweet potato flour,1
sweet potato puree,1
plain white flour,1
Cremora,1
raw cacao powder,1
fat free feta cheese,1
carob powder,1
parisienne essence,1
Hersheys cocoa powder,1
dark chocolate melt,1
baker%27s unsweetened chocolate square,1
Dove dark chocolate miniature,1
craisins,1
unsalted cashew,1
marinated artichoke,1
porter,1
crystal malt,1
lamb bone,1
lamb broth,1
fatty bacon,1
light cottage cheese,1
goat%27s milk,1
goat butter,1
cherrystone clam,1
canned baby clam,1
condensed cream of potato soup,1
canned clam,1
pork liver,1
casing,1
turkey cutlet,1
meringue nest,1
tea biscuit,1
mackerel,1
frozen broccoli and cauliflower,1
butterscotch candy,1
Gevalia Dark Roast,1
yeast cultured scoby,1
lemon%2C rind of,1
Wesson Oil,1
tart baking apple,1
real vanilla,1
date syrup,1
crayfish tail,1
crawfish tail meat,1
prepared graham cracker crust,1
albacore tuna in water,1
clam base,1
white Worcestershire sauce,1
Chardonnay wine,1
buttercup squash,1
lean boneless leg of lamb,1
canning salt,1
pot barley,1
macadamia,1
natural cane sugar,1
refined flour,1
reduced fat margarine,1
chocolate chip cookie mix,1
graham flour,1
kohlrabi,1
candy corn,1
acorn,1
clam broth,1
raclette cheese,1
lowfat margarine,1
havarti cheese,1
yeast extract,1
whole wheat baguette,1
Knorr french onion soup mix,1
aged gruyere,1
vermouth,1
homemade beef stock,1
white beef stock,1
bagel,1
mini whole wheat pita bread,1
beef double bouillon cube,1
turkey gravy,1
Mexican tomato sauce,1
ginger preserve,1
Irish whiskey,1
plain croissant,1
whole pumpkin,1
fresh pumpkin,1
ponzu sauce,1
dry pasta,1
black turtle bean,1
canned white bean,1
Old El Paso green chilies,1
McCormick mild chili seasoning,1
ground chicken thigh,1
chicken burger,1
habanero salsa,1
tomato with garlic,1
pink bean,1
guajillo chilies,1
dry roasted peanut,1
liquid hot pepper sauce,1
plum tomato in puree,1
vegan cheddar cheese,1
vegetarian ground beef,1
frozen sliced carrot,1
ground caraway,1
lamb stock,1
mixed peel,1
brown bread,1
colored sprinkle,1
fat free vanilla ice cream,1
boneless pork sirloin,1
hickory liquid smoke,1
truffle salt,1
swiss brown mushroom,1
dried wild mushroom,1
bread boule,1
espresso bean,1
roasted unsalted peanut,1
chunky peanut butter,1
veal sausage,1
boneless beef chuck steak,1
wheat gluten,1
candy bar,1
beef fat,1
lemon verbena leaf,1
apple pie,1
teff flour,1
mushroom soy sauce,1
energy drink,1
camomile tea,1
Midori melon liqueur,1
dried hibiscus flower,1
black walnut,1
Snickers candy bar,1
red plum,1
peach slice in heavy syrup,1
apricot filling,1
canned sliced potato,1
French bread cube,1
mild red onion,1
cream of shrimp soup,1
seafood sauce,1
bottled lemon juice,1
onion dip mix,1
toast point,1
pepper jelly,1
bay shrimp,1
duck fat,1
chunky picante sauce,1
Barilla sweet pepper %26 garlic sauce,1
Barilla castellane,1
cheese n salsa,1
aioli,1
rye flour,1
dark rye flour,1
rye whiskey,1
boneless beef shank,1
extra strong coffee,1
frappuccino caramel coffee drink,1
Momokawa pearl sake,1
pumpkin spice syrup,1
dark chocolate shaving,1
coffee syrup,1
fat free egg substitute,1
red food coloring paste,1
sliced peach in juice,1
vegetable stock powder,1
ahi,1
lite olive oil,1
mango salsa,1
Laughing Cow cheese,1
mild ground sausage,1
yellow tomato,1
gochujang,1
dried shrimp,1
chinese chive,1
rice bran oil,1
shell noodle,1
side pork,1
pork hock,1
dried bean,1
fresh meyer lemon juice,1
fine graham cracker crumb,1
lemon pie filling mix,1
limoncello,1
ginger snap,1
sour apple,1
vegetable bouillon,1
vegetarian salami,1
whole meal bread,1
whole wheat hamburger bun,1
toasted breadcrumb,1
chai concentrate,1
sauvignon blanc wine,1
head of celery,1
bird eye chile,1
cream of asparagus soup,1
chocolate wafer pie crust,1
chocolate graham cracker crumb,1
lightly sweetened whipped cream,1
instant chocolate fudge pudding,1
reduced fat graham cracker crust,1
chocolate wafer,1
chocolate cookie pie crust,1
chocolate graham cracker,1
baguio bean,1
red pepper jelly,1
garlic sauce,1
vegan chicken seasoning,1
sesame chili oil,1
cooked jasmine rice,1
fresh zucchini,1
sardine,1
astragalus root,1
ajvar,1
sugar free fat free instant pudding mix,1
instant espresso powder,1
strawberry milk mix,1
powdered chocolate milk mix,1
gummy ring,1
Maltesers,1
asparagus liquid,1
saltine crumb,1
white processed cheese,1
canned sweet potato,1
unsweetened flavored drink mix,1
orange%2C juice and zest of,1
Pet milk,1
light soymilk,1
Planters pecan,1
pecan chip,1
topping mix,1
Shedd Spread Country Crock,1
fresh sweet potato,1
brandy flavoring,1
sweet sherry,1
whole pecan,1
old English cheese,1
cooked sweet potato,1
spanish chorizo,1
linguica sausage,1
medium raw shrimp,1
roast pork,1
feta cheese with garlic and herb,1
soy mozzarella cheese,1
red onion ring,1
red sweet pepper,1
buttermilk dressing,1
cheese nip,1
hawaiian sea salt,1
macadamia nut oil,1
arugula leaf,1
sugar cane,1
green tea,1
zinfandel,1
fresh tarragon sprig,1
cooked fettuccine,1
whole grain fettuccine,1
herb cheese spread,1
fettuccine pasta,1
Parkay margarine,1
ground cilantro,1
rice bran,1
mixed pepper,1
honey roasted peanut,1
French onion soup,1
salt water,1
round roast,1
spinach tortilla,1
cooky %26 cream ice cream,1
whole grain wheat flour,1
poultry,1
graham wafer crumb,1
light vanilla ice cream,1
chocolate ripple biscuit,1
black cherry,1
light cherry pie filling,1
fruit fresh,1
bath salt,1
fresh water,1
Thai fish sauce,1
cooked spiral shaped pasta,1
peach in light syrup,1
frozen sliced peach,1
peach in heavy syrup,1
peach syrup,1
fresh peach,1
peach half in syrup,1
vegetarian bacon,1
garlic sausage,1
vegetarian beef bouillon powder,1
turkey slice,1
coleslaw dressing,1
riesling wine,1
long bean,1
deli ham,1
onion marmalade,1
live lobster,1
country time lemonade mix,1
white almond bark,1
graham cracker crumb crust,1
wild strawberry gelatin,1
hanger steak,1
nonfat chicken broth,1
red beet,1
peanut flour,1
hot pepper paste,1
hot dry mustard,1
coarse grain mustard,1
hickory chip,1
whole grain pie crust,1
canned pineapple,1
sesame salt,1
red pepper powder,1
red pepper paste,1
fiddlehead,1
szechuan hot bean sauce,1
tropical fruit salad,1
pineapple yogurt,1
guava,1
lime peel,1
patna rice,1
red paprika,1
knorr tomato bouillon with chicken flavor cube,1
diced tomato with mild green chilies,1
whole grain brown rice,1
spicy tomato sauce,1
sazon goya con culantro y achiote,1
garlic salt with parsley,1
bottled chili sauce,1
Spanish olive,1
cilantro salsa,1
picante salsa,1
canned corn niblets,1
lowfat swiss cheese,1
red hot pepper,1
processed cheese spread,1
chicken broth with roasted garlic,1
brisket,1
whole wheat dinner roll,1
Sweet%27N Low brown sugar substitute,1
pork shoulder blade roast,1
Pace Picante Sauce,1
turkey tenderloin,1
tomato bacon salad dressing,1
lo mein noodle,1
hot bean paste,1
rack of lamb,1
pork back rib,1
sweet pickle juice,1
fruit pectin,1
low fat bacon bit,1
pectin,1
dried sweetened cranberry,1
fenugreek leaf,1
yellow rice mix,1
Green Giant Mexicorn,1
French%27s cheddar french fried onion,1
frozen whole pearl onion,1
Jiffy corn muffin mix,1
Jiffy cornbread mix,1
cornbread mix,1
chimichurri sauce,1
garlic seasoning,1
beef gravy mix,1
concentrated tomato paste,1
instant dashi stock,1
turkey liver,1
sage pork sausage,1
sourdough loaf,1
cooking sauce,1
dulse seaweed,1
Cool Whip Lite,1
ReaLemon juice,1
wafer,1
butter cooky,1
French vanilla pudding mix,1
instant vanilla flavor pudding and pie filling,1
banana leaf,1
Pepperidge Farm Chessmen Cookies,1
Tia Maria,1
banana cream instant pudding,1
banana extract,1
dry white bean,1
Tonkatsu sauce,1
beef sausage,1
Heinz 57 steak sauce,1
albacore tuna,1
kalamansi,1
dill pickle cube,1
tuna in brine,1
solid white tuna,1
dry bread cube,1
shiro miso,1
Manwich sloppy joe mix,1
kamaboko,1
Ricard,1
Herbsaint,1
crab finger,1
hazelnut meal,1
green coriander,1
lite evaporated milk,1
cedar plank,1
ground venison,1
97%25 lean ground beef,1
98%25 lean ground beef,1
diced tomato with green pepper and onion,1
DelMonte stewed tomato,1
vegetable stock cube,1
dried split pea,1
pandan leaf,1
banana pulp,1
whole wheat lasagna noodle,1
garlic and herb seasoning,1
tomato with basil,1
vanilla whey protein powder,1
onion roasted garlic soup mix,1
umeboshi vinegar,1
barley miso,1
yellow miso,1
arame seaweed,1
cilantro stem,1
key lime,1
fruit cocktail in heavy syrup,1
Diamond walnut,1
Mexican style pinto bean,1
ground turkey breast,1
ranch dip,1
vegetable juice cocktail,1
chili hot bean,1
dried chili pepper flake,1
southern style hash brown,1
Rotel diced tomato,1
taco cheese,1
corn mixed with chopped pepper,1
yellow hominy,1
enchilada seasoning,1
pink kidney bean,1
white hominy,1
nacho chip,1
white kidney bean,1
diced tomato with chile and cilantro,1
caper juice,1
dry green lentil,1
diced tomato in tomato puree,1
angel flake coconut,1
unsweetened flaked coconut,1
Cheerios toasted oat cereal,1
dried plum,1
spelt,1
KRAFT 2%25 Milk Shredded Cheddar Cheese,1
canned red kidney bean,1
ranch dip mix,1
muffin,1
melba toast,1
fudge brownie mix,1
chocolate instant pudding,1
dark chocolate cake mix,1
Wishbone Italian dressing,1
cherry juice,1
serrano ham,1
pie filling,1
artisan bread,1
Lipton onion mushroom dry soup mix,1
HP steak sauce,1
boiled ham,1
mexican style bean,1
cooked boneless skinless chicken breast,1
unpopped popcorn,1
dry roasted salted peanut,1
baby back rib rack,1
pickled cabbage,1
pear juice,1
2%25 cheddar cheese,1
bean in chili sauce,1
vegetarian vegetable soup,1
venison,1
spicy refried bean,1
anisette,1
oyster liquor,1
dried leaf basil,1
okara,1
organic peanut butter,1
chocolate protein powder,1
frozen cranberry,1
sour pitted cherry,1
sour cherry,1
dark sweet cherry,1
meatloaf seasoning mix,1
sour dill pickle,1
meal,1
yellow cheese,1
whole wheat cracker,1
onion and mushroom soup mix,1
brown sugar substitute,1
gherkin,1
yellow potato,1
beef cube steak,1
ground dried chile,1
beef bouillon paste,1
white zinfandel wine,1
wheat noodle,1
pickled mustard green,1
Chinese sesame paste,1
extra thick Cool Whip topping,1
fudge sauce,1
red maraschino cherry,1
Spanish rice mix,1
chicken sausage,1
cooked broccoli,1
light almond milk,1
prepared vanilla pudding,1
orange%2C juice of,1
pomegranate aril,1
frozen sweetened strawberry,1
unsweetened baking cocoa,1
amaretti cooky,1
cusk,1
wild salmon chowder soup,1
lean salt pork,1
vanilla slim fast powder,1
powdered coffee creamer,1
cracked ice,1
pale ale,1
pineapple chunk in light syrup,1
peach Greek yogurt,1
psyllium husk,1
white Creme de Cacao,1
smoked cheddar cheese,1
processed swiss cheese,1
leek soup mix,1
celery soup,1
vegetable stock base,1
Cheez Whiz,1
Campbell%27s cheddar cheese soup,1
green maraschino cherry,1
preserved lemon,1
dried leaf marjoram,1
lemon cake mix,1
Swanson chicken broth,1
liver,1
Oxo beef cube,1
refrigerated pie dough,1
beef rib roast,1
fresh dill leaf,1
smooth cashew butter,1
sausage ring,1
Crystal hot sauce,1
plantain,1
link sausage,1
smoked beef sausage,1
sofrito seasoning,1
smoked turkey leg,1
smoked turkey sausage,1
smoked pork,1
tasso,1
green tea bag,1
orecchiette,1
PHILADELPHIA Chive %26 Onion Cream Cheese Spread,1
hemp seed,1
kluski noodle,1
fresh horseradish,1
fennel pollen,1
fine soft bread crumb,1
schmaltz,1
frozen fish stick,1
tater tot,1
buffalo wing sauce,1
instant lemon pudding,1
blueberry yogurt,1
mochiko sweet rice flour,1
abalone,1
pomegranate juice,1
berry yogurt,1
kitchen twine,1
length of string,1
candy flavoring,1
maytag blue cheese,1
blue cheese dressing,1
jack daniel%27s sizzling smokehouse blend grilling sauce,1
fresh udon noodle,1
fresh Chinese noodle,1
pork shoulder butt,1
chicken neck,1
chicory lettuce,1
round sourdough loaf,1
quail,1
comte cheese,1
English mustard powder,1
aged white cheddar cheese,1
dipper,1
Appenzeller cheese,1
Fiber One cereal,1
unsalted creamy peanut butter,1
dried apple,1
batter frying mix,1
scotch bonnet pepper,1
boneless skinless chicken piece,1
pineapple slice in syrup,1
mild curry powder,1
creamed coconut,1
peppercorn ranch dressing,1
genoa salami,1
fresh pear,1
Smart Balance light butter spread,1
rocket,1
balsamic vinaigrette,1
sweet orange,1
lemon vinaigrette,1
heart of palm,1
artichoke bottom,1
prosciutto ham,1
sumac,1
lettuce green,1
cooked lentil,1
mixed baby green,1
pork mince,1
rosemary oil,1
chicken flavor stuffing mix,1
boneless pork loin roast,1
chat masala,1
chicken fillet,1
ground habanero chile pepper,1
jamaican jerk spice,1
buttermilk baking mix,1
fresh rosemary needle,1
pickle spear,1
crispbread,1
nutella,1
coriander sprig,1
Kraft caramel,1
rapadura,1
infant formula,1
rose syrup,1
guar gum,1
pasta sauce with mushroom,1
sage sausage,1
skinless chicken leg quarter,1
Jiffy white cake mix,1
peppermint tea bag,1
peppermint,1
peppermint oil,1
hot cocoa,1
powdered cocoa mix,1
peppermint stick candy,1
peppermint candy,1
pink grapefruit juice,1
Chinese duck sauce,1
apple juice concentrate,1
orange food coloring,1
tempura mix,1
watermelon juice,1
hot Chinese chili paste,1
crawfish,1
mahi mahi fillet,1
melon ball,1
gingerbread,1
light canola oil,1
lemon pulp,1
frozen broccoli spear,1
brown basmati rice,1
instant potato flake,1
buttermilk ranch dressing,1
frozen mashed potato,1
boneless beef brisket,1
meatloaf,1
Polish kielbasa,1
brown button mushroom,1
1%25 fat cottage cheese,1
brown stock,1
mushroom beef gravy,1
lean ground lamb,1
cooked lamb,1
condensed cream of mushroom %26 garlic soup,1
instant mashed potato with sour cream and chive,1
prepared instant mashed potato,1
halloumi cheese,1
canned vegetable,1
duck leg,1
soda cracker,1
pork fatback,1
low calorie sweetener,1
dried chili pod,1
enriched flour,1
PLANTERS Walnuts,1
chocolate icing,1
walnut meat,1
soy grit,1
Hershey%27s syrup,1
filter coffee,1
peanut butter chip,1
caramel sauce,1
cacao,1
dark roast coffee,1
turkey gizzard,1
brownie,1
herb stuffing mix,1
diet pepsi,1
crab leg,1
tomatillo salsa,1
wheat starch,1
ground fenugreek,1
bamboo leaf,1
lotus seed,1
vegetable bouillon granule,1
Mature cheddar cheese,1
lime cordial,1
hickory smoked bacon,1
bran flake,1
kelp,1
berry sugar,1
butterscotch sundae sauce,1
whipped butter,1
butterscotch topping,1
bee pollen,1
xylitol sugar substitute,1
Hershey Bars,1
semisweet chocolate chip,1
coconut yogurt,1
vegan butter,1
fried chicken,1
Aunt Jane%27s Krazy Mixed Up Salt,1
Chinese egg noodle,1
roasted sesame seed,1
queso blanco,1
green chili sauce,1
dried guajillo chilies,1
cooked sausage,1
ground ham,1
jalapeno jack cheese,1
hot pork sausage,1
vegetarian sausage patty,1
red enchilada sauce,1
chocolate fudge topping,1
Chex cereal,1
butterscotch syrup,1
chocolate soymilk,1
shell macaroni,1
veal kidney,1
prune,1
berbere,1
pineapple cake mix,1
instant coconut cream pudding mix,1
pineapple syrup,1
curd,1
coconut meal,1
boneless skinless salmon fillet,1
red pesto sauce,1
lamb shoulder,1
lamb kidney,1
orange roughy fillet,1
Good Seasons Italian dressing,1
white horseradish,1
szechuan sauce,1
red relish,1
light salad dressing,1
onion and garlic powder,1
western salad dressing,1
crab boil seasoning,1
salad macaroni,1
canned pea,1
cooked salad macaroni,1
sweet red cherry pepper,1
steel cut oat,1
epazote leaf,1
green zucchini,1
azuki bean,1
cake decorating gel,1
strawberry essence,1
rose essence,1
pineapple essence,1
fudge frosting,1
soft taco shell,1
frozen broccoli cut,1
salsa fresca,1
frozen onion and three pepper blend,1
dark Mexican beer,1
broccoli slaw mix,1
white cornmeal,1
mexican chocolate,1
rice ball,1
Nori Goma Furikake,1
sticky rice,1
fresh seaweed,1
frozen french fry,1
French fry,1
frozen yogurt,1
extract,1
lime sorbet,1
semisweet baking chocolate,1
marmalade,1
yellow zucchini,1
food coloring paste,1
instant oat,1
brazil nut,1
vegetarian oyster sauce,1
speck,1
monterey jack and cheddar cheese blend,1
frozen deep dish pie shell,1
Healthy Request cream of mushroom soup,1
silver beet,1
KRAFT Mexican Style Shredded Four Cheese with a Touch of PHILADELPHIA,1
vegan chicken,1
soy yogurt,1
Earth Balance margarine,1
hot pepper sesame oil,1
kombu seaweed,1
alum,1
skim evaporated milk,1
biscotti,1
salted almond,1
almond biscotti,1
other liqueur,1
brown rice syrup,1
milk chocolate kiss,1
pound cake,1
dried papaya,1
dried mango,1
hazelnut syrup,1
coconut macaroon,1
hardcooked egg,1
